date,BTC,BTS,DASH,DOGE,EOS,ETC,ETH,GAS,IOTA,LTC,NANO,NEO,TRX,XEM,XLM,XMR,XRP,ZEC
2009-01-01,0.0002380952381307171,,,,,,,,,,,,,,,,,
2010-01-01,12.445952382806974,,,,,,,,,,,,,,,,,
2011-01-01,24.96023809895746,,,,,,,,,,,,,,,,,
2011-10-01,31.2173809570327,,,,,,,,,5.9455859978418215e-05,,,,,,,,
2012-01-01,37.474523815107936,,,,,,,,,2.9452649357509033,,,,,,,,
2013-01-01,50.01154762649992,,,,,,,,,15.479511512961116,,,,,,,,
2013-12-01,53.140119055537546,,,8.090811920257929e-05,,,,,,21.72951151389244,,,,,,,,
2014-01-01,56.268690484575174,,,3.4021055043492563,,,,,,27.979511514823766,,,,,,,,
2014-02-01,57.83297619909398,,,6.513326725230121,,,,,,31.104511515289428,,50.0,,,,,,
2014-04-01,59.39726191361279,,,9.624547946110985,,,,,,34.229511515755085,,50.0,,,,0.09365279461250807,,
2014-07-01,60.9615476281316,,23.418300470367214,12.73576916699185,,,,,,37.35451151622075,,50.0,,,,5.169009719532628,,
2015-01-01,62.5258333426504,,25.787787499529447,15.846990387872713,,,,,,40.47951151668641,,50.0,,,,10.244366644452748,,
2015-04-01,64.09011905716922,,27.052631270330107,16.06697852734925,,,,,,43.23207257826476,,50.0,,100.0,,12.596546078776772,,
2015-07-01,65.65440477168804,,28.31747504113077,16.286966666825787,,33.530033686481374,10.561781030200004,,,45.98463363984311,,50.0,,100.0,,14.948725513100797,,
2015-10-01,67.21869048620684,66.98938943493631,29.58231881193143,16.50695480630232,,35.08498883881991,11.051583575116695,,,48.73719470142146,,50.0,,100.0,0.6282403313401503,17.30090494742482,,
2016-01-01,68.78297620072566,67.8483531127434,30.84716258273209,16.72694294577886,,36.63994399115844,11.541386120033385,,,51.48975576299981,,50.0,,100.0,1.2224919963612924,19.653084381748844,,
2016-10-01,71.90580358214338,69.73215125490708,33.21094426166036,17.152196020307613,,40.11076668870178,12.634676680635494,,,54.623317407302366,,50.0,,100.0,2.4184506857796624,22.50787905706612,,0.0
2017-01-01,75.0286309635611,71.61594939707075,35.57472594058863,17.577449094836368,,43.58158938624512,13.727967241237602,,,57.756879051604926,,50.0,,100.0,3.614409375198033,25.3626737323834,,1.6652495710726791
2017-06-01,75.65434524936862,72.29316738962628,36.45345167149999,17.74755032464787,,44.433345199947055,13.99142485687592,,100.0,59.00687905179119,,53.0,,100.0,4.106939783446688,26.05177509378525,,4.180188301440916
2017-07-01,76.28005953517615,72.97038538218179,37.332177402411354,17.917651554459376,89.99999999999912,45.285101013649,14.254882472514238,7.000000000000002e-06,100.0,60.25687905197746,,56.0,,100.0,4.5994701916953415,26.7408764551871,,6.695127031809154
2017-09-01,76.90577382098367,73.64760337473732,38.21090313332271,18.08775278427088,90.17307692307607,46.13685682735093,14.518340088152554,1.8028149999999996,100.0,61.50687905216372,,59.0,41.23513156313445,100.0,5.092000599943996,27.429977816588945,,9.21006576217739
2017-10-01,77.5314881067912,74.32482136729283,39.08962886423407,18.257854014082383,90.346153846153,46.988612641052875,14.781797703790872,3.605622999999999,100.0,62.75687905234999,100.0,62.0,41.289198606267945,100.0,5.58453100819265,28.119079177990795,,11.72500449254563
2018-01-01,78.15720239259872,75.00203935984835,39.968354595145435,18.427955243893887,90.51923076922995,47.84036845475481,15.04525531942919,5.408430999999998,100.0,64.00687905253625,100.0,65.0,41.34326564940144,100.0,6.077061416441305,28.808180539392644,,14.239943222913865
2018-12-01,79.72148810711752,76.46669575438949,42.01569259413339,18.853208318422645,91.01923076922999,50.04077668866585,15.491930449440975,10.7525145,100.0,67.13187905300191,100.0,65.0,42.014898474104044,100.0,7.297412365675774,29.851417257185215,43.60415602112078,20.52729004883446
2019-01-01,81.28577382163633,77.93135214893064,44.06303059312135,19.2784613929514,91.51923076923003,52.24118492257689,15.93860557945276,16.096598,100.0,70.25687905346757,100.0,65.0,42.68653129880665,100.0,8.517763314910242,30.894653974977786,44.149207971384776,26.814636874755053
2020-01-01,84.41434525067395,80.51740211117425,47.87908229266096,20.128967542008915,92.51923076923012,56.642001390398995,16.322222100582785,25.557398000000003,100.0,75.75343953278737,100.0,65.0,44.02979694821186,100.0,10.982992305151667,32.15814629736892,50.68983137455289,39.389330526596254
2021-01-01,87.52574406066141,82.80041348235508,51.44454481158787,20.979473691066424,93.51923076923019,60.468615248322436,16.56979934917542,33.554585,100.0,78.88700117708994,100.0,80.0,45.373062597617086,100.0,13.472994864718347,32.92488439175737,57.23045477772099,50.837057640092
2022-01-01,89.09002977518021,84.81589694053973,54.758102751155526,21.82997984012394,94.51923076923029,63.98926841675103,16.819931781513613,40.350868,100.0,82.01200117755559,100.0,80.0,46.71632824702228,100.0,15.988019948064148,33.5078633473439,63.77107818088912,57.12440446601259
2023-01-01,90.65431548969902,86.59520195035877,57.84606911377296,22.68048598918145,95.5192307692304,67.31544673956104,17.075058344938462,45.993551000000004,100.0,85.13700117802125,100.0,80.0,48.05959389642751,100.0,18.528319011435133,34.09079148007723,70.31170158405723,63.411751291933186
2024-01-01,92.21860120421783,88.1943347607214,60.72375097753582,23.530992138238965,96.53846153846122,70.1319692743039,17.332818006725688,50.482634,100.0,87.88100059576271,100.0,95.0,49.40886699506978,100.0,21.14374073508236,34.67371961281056,74.39959121103729,69.69909811785378
2025-01-01,93.76858632349642,89.57774755965177,63.40516695254394,24.38149828729648,97.5384615384613,72.96190382111698,17.595724084465157,53.636233999999995,100.0,89.44778141791402,100.0,95.0,50.75213264447499,100.0,23.735850647199698,35.25824480892124,77.66990291262134,75.44107294245653
2026-01-01,94.55072918075581,90.79904923483481,65.89530791662982,25.232004436354,98.5384615384614,75.25803974567047,17.86134355101689,55.39491700000001,100.0,91.01028141814682,100.0,95.0,52.09539829388021,100.0,26.35400917989572,35.84117294165457,80.94021461420542,78.58474635541683
2027-01-01,95.33287203801521,91.87723629726341,68.21646185213882,26.082510585411505,99.53846153846149,77.51125776763568,18.1309727247384,56.971717000000005,100.0,92.57278141837965,100.0,100.0,53.438663943285405,100.0,28.99847810086431,36.4241010743879,84.21052631578947,81.72841976837712
2028-01-01,96.11501489527464,92.82907920815944,70.38004275394259,26.933016734469017,100.0,79.51984026405322,18.404672134895122,58.548517000000004,100.0,93.94264071629117,100.0,100.0,54.781929592690624,100.0,31.66952180835425,37.00702920712123,86.79952307954352,84.87209318133742
2029-01-01,96.88715031205635,93.68453862671059,72.40219015041332,27.792027945017107,100.0,81.33099837518496,18.683836213188304,60.133201,100.0,94.7260311273668,100.0,100.0,56.1312026913329,100.0,33.68989269288934,37.59155440323191,88.43467893033554,87.73641786050145
2030-01-01,97.27822174068605,94.42459817706205,74.28153817354584,28.642534094074627,100.0,83.0734866401538,18.96588147510897,61.71000100000001,100.0,95.5072811274832,100.0,100.0,57.474468340738106,100.0,34.02844902801655,38.17448253596524,90.06983478112758,89.3082545669816
2031-01-01,97.66929316931576,95.07793604503479,76.03324916808359,29.49304024313213,100.0,84.52241312320234,19.25355803800564,63.286801,100.0,96.28853112759964,100.0,100.0,58.817733990143324,100.0,34.37040758211488,38.75741066869857,91.7049906319196,90.88009127346173
2032-01-01,98.06036459794548,95.65471445364321,77.66595197428155,30.34354639218965,100.0,85.96447265609426,19.544203639785326,64.863601,100.0,96.97239057107578,100.0,100.0,60.16099963954854,100.0,34.715802544749586,39.3403388014319,93.27201498892865,92.45192797994189
2033-01-01,98.44500373490754,96.16390479595283,79.19177111591962,31.194052541247164,100.0,87.18404274313997,19.84065225647744,66.44040100000001,100.0,97.36408577661359,100.0,100.0,61.50426528895376,100.0,35.064668449063696,39.924863997542595,94.08959291432464,93.876829361189
2034-01-01,98.64053944922242,96.61342717895424,80.60983649408597,32.04455869030468,100.0,88.33769038694076,20.14016044625743,68.017201,100.0,97.75471077667179,100.0,100.0,62.847530938358965,100.0,35.41704017523042,40.507792130275924,94.90717083972065,94.66274771442907
2035-01-01,98.83607516353723,97.01743098250843,81.9315130840327,32.895064839362185,100.0,89.39574986095505,20.444189916616885,69.594001,100.0,98.14533577673001,100.0,100.0,64.19680403700123,100.0,35.77983236797033,41.090720263009246,95.72474876511669,95.44866606766917
2036-01-01,99.03161087785207,97.36693543206492,83.1633297746317,33.7455709884197,100.0,90.31866797016659,20.752808919373408,71.170801,100.0,98.48673039572829,100.0,100.0,65.54006968640645,100.0,36.139390916535326,41.67364839574258,96.5423266905127,96.23458442090923
2037-01-01,99.22321616061876,97.67548423980855,84.31439940792562,34.59607713747722,100.0,91.23894899470078,21.06758979302932,72.755485,100.0,98.68257799849718,100.0,100.0,66.88333533581167,100.0,36.502562739430864,42.25817359185326,97.0533128938852,96.94929902001465
2038-01-01,99.32098401777617,97.94787667109465,85.38416671169955,35.446583286534725,100.0,91.98079936058129,21.387145297377135,74.332285,100.0,98.87789049852628,100.0,100.0,68.22660098521689,100.0,36.869384147158904,42.841101724586586,97.46210185658319,97.34225819663469
2039-01-01,99.41875187493359,98.1883496036092,86.38116150376406,36.29708943559224,100.0,92.71913384795052,21.70999885529966,75.909085,100.0,99.07320299855542,100.0,100.0,68.53898834554373,100.0,37.23989181511279,43.424029857319915,97.8708908192812,97.73521737325471
2040-01-01,99.51651973209104,98.40064342909876,87.31033098711002,37.14759558464976,100.0,93.35972676435436,22.037726108074693,77.485885,100.0,99.24363275668463,100.0,100.0,68.85137570587058,100.0,37.61412278724407,44.00695799005325,98.27967978197924,98.12817654987477
2041-01-01,99.61196523061714,98.5914404087646,88.17850941205351,38.00660679519785,100.0,93.9532070453451,22.371996746070668,79.062685,100.0,99.34155655806907,100.0,100.0,69.16977051543451,100.0,37.99942065562769,44.59148318616394,98.60330437744848,98.4847010077853
2042-01-01,99.66084915919586,98.75649923437096,88.98535679874462,38.85711294425536,100.0,94.51012208302843,22.709717308910875,80.639485,100.0,99.43921280808362,100.0,100.0,69.48215787576135,100.0,38.381284281950286,45.174411318897256,98.8076988587975,98.68118059609532
2043-01-01,99.70973308777458,98.90221613128892,89.73727803023634,39.70761909331287,100.0,94.98265616310549,23.05253599418748,82.216285,100.0,99.53686905809818,100.0,100.0,69.7945452360882,100.0,38.76698533070178,45.75733945163059,99.01209334014648,98.87766018440531
2044-01-01,99.75861701635328,99.03085762603723,90.438009914193,40.558125242370394,100.0,95.4574404054686,23.402199379439143,83.79308499999999,100.0,99.62195016147786,100.0,100.0,70.10693259641505,100.0,39.156562364892295,46.34026758436392,99.21648782149548,99.07413977271536
2045-01-01,99.80616119418778,99.14442464895016,91.09268802205601,41.408631391427896,100.0,95.84401819090915,23.75547155428433,85.377769,100.0,99.67091206217009,100.0,100.0,70.4193199567419,100.0,39.55005433505925,46.924792780474604,99.4123658661216,99.25149438187876
2046-01-01,99.8306031584771,99.24649188953741,91.70010026870459,42.259137540485405,100.0,96.2238455789428,24.115797142932195,86.95456899999999,100.0,99.71974018717735,100.0,100.0,70.7377147663058,100.0,39.95518279481221,47.50772091320793,99.51456310679613,99.35022537500456
2047-01-01,99.85504512276646,99.33479045114842,92.26513307392766,43.109643689542935,100.0,96.56154986384306,24.479841563146344,88.531369,100.0,99.76856831218464,100.0,100.0,71.05010212663267,100.0,40.35670025821465,48.090649045941255,99.61676034747063,99.44846516915956
2048-01-01,99.87948708705582,99.41274200783138,92.79182349821647,43.96014983860044,100.0,96.86397168208728,24.849381482393287,90.10816899999999,100.0,99.81104197603196,100.0,100.0,71.36248948695952,100.0,40.76225264930707,48.67357717867459,99.71895758814512,99.54670496331457
2049-01-01,99.90316989025877,99.4815590426554,93.28409460428841,44.81065598765796,100.0,97.1583288599915,25.226299616378054,91.684969,100.0,99.83552292637808,100.0,100.0,71.67487684728636,100.0,41.1718805158687,49.25810237478528,99.82115482881964,99.63517405748571
2050-01-01,99.91539087240344,99.54231195745909,93.74160702627803,45.66116213671547,100.0,97.40026630875776,25.607107829499963,93.261769,100.0,99.85993698888173,100.0,100.0,71.98726420761321,100.0,41.58562481315135,49.8410305075186,99.8850281042412,99.68429395456323
2051-01-01,99.92761185454813,99.5959457222177,94.16805499370163,46.51166828577297,100.0,97.64220375752406,25.993664602551608,94.838569,100.0,99.88435105138537,100.0,100.0,72.29965156794006,100.0,42.003526907974205,50.42395864025194,99.93612672457844,99.73341385164072
2052-01-01,99.93983283669279,99.6441485387643,94.56553994757064,47.36217443483049,100.0,97.84750491796524,26.387939347955648,96.415369,100.0,99.9055544393878,100.0,100.0,72.61804637750397,100.0,42.43378735758715,51.006886772985276,99.9872253449157,99.78253374871824
2053-01-01,99.95162959543713,99.68584888592936,94.93701326990605,48.21268058388801,100.0,98.04105487697828,26.78628330580277,98.00005300000001,100.0,99.91779491456086,100.0,100.0,72.93043373783081,100.0,42.860212804064865,51.59141196909594,99.9872253449157,99.82690979008396
2054-01-01,99.95774008650943,99.72266270165217,95.28225279942585,49.063186732945525,100.0,98.21985813086201,27.1925805783193,99.576853,100.0,99.93000194581268,100.0,100.0,73.24282109815769,100.0,43.29092348343664,52.17434010182929,99.9872253449157,99.85146973862268
2055-01-01,99.96385057758178,99.7551625996197,95.60403306572971,49.91369288200303,100.0,98.37469808641424,27.603071144818312,100.0,100.0,99.94220897706451,100.0,100.0,73.55520845848453,100.0,43.7259624588477,52.757268234562616,99.9872253449157,99.87602968716145
2056-01-01,99.96996106865411,99.78385409348301,95.90394096316143,50.76419903106054,100.0,98.52880067962906,28.019758346634273,100.0,100.0,99.95279394910509,100.0,100.0,73.86759581881138,100.0,44.16537322619344,53.34019636729593,99.9872253449157,99.9005896357002
2057-01-01,99.97583712659771,99.80964029031936,96.18419921847837,51.62321024160863,100.0,98.65326252228188,28.44476510336977,100.0,100.0,99.95891418669164,100.0,100.0,74.18599062837531,100.0,44.61777841072136,53.92472156340662,99.9872253449157,99.92272560378042
2058-01-01,99.97889237213388,99.83194797765341,96.44466073714752,52.47371639066615,100.0,98.77713449838187,28.874158250057956,100.0,100.0,99.96501770231754,100.0,100.0,74.49837798870216,100.0,45.066151211369686,54.507649696139964,99.9872253449157,99.93500557804977
2059-01-01,99.98194761767006,99.85164160484234,96.68741054316368,53.32422253972366,100.0,98.88496208064946,29.310033379418716,100.0,100.0,99.97112121794343,100.0,100.0,74.810765349029,100.0,45.519029798175936,55.09057782887329,99.9872253449157,99.94728555231916
2060-01-01,99.98500286320622,99.86902749276742,96.91364776266695,54.17472868878117,100.0,98.9845315547717,29.754611168858307,100.0,100.0,99.97640534298344,100.0,100.0,75.12315270935584,100.0,45.9764594506684,55.673505961606615,99.9872253449157,99.95956552658852
2061-01-01,99.98792973146372,99.88437606700634,97.12504186523294,55.02523483783869,100.0,99.07824953223171,30.203777336058,100.0,100.0,99.97946546177671,100.0,100.0,75.4355400696827,100.0,46.43848590339818,56.258031157717284,99.9872253449157,99.97057678439164
2062-01-01,99.9894573542318,99.89792606411793,97.32150314754436,55.87574098689621,100.0,99.15790510567268,30.661911531504973,100.0,100.0,99.9825172195897,100.0,100.0,75.74792743000954,100.0,46.90515535051188,56.84095929045064,99.9872253449157,99.97671677152634
2063-01-01,99.99098497699991,99.9101039902418,97.50459423361116,56.72624713595371,100.0,99.2371831645476,31.124774017036906,100.0,100.0,99.98556897740264,100.0,100.0,76.06632223957345,100.0,47.38562531853363,57.42388742318396,99.9872253449157,99.98285675866104
2064-01-01,99.99251259976799,99.92063913701321,97.67522199782192,57.57675328501122,100.0,99.30226665020076,31.594623727755184,100.0,100.0,99.98820685943248,100.0,100.0,76.37870959990032,100.0,47.861812755276034,58.00681555591729,99.9872253449157,99.98899674579573
2065-01-01,99.9939704535396,99.92993975387188,97.83464097602564,58.427259434068745,100.0,99.36599109723984,32.07385443326951,100.0,100.0,99.98973691882908,100.0,100.0,76.69109696022717,100.0,48.34278549290633,58.59134075202798,99.9872253449157,99.99452006148228
2066-01-01,99.99473426492364,99.93815050554231,97.98279686504624,59.277765583126246,100.0,99.42282967080463,32.55803116074841,100.0,100.0,99.99126279773556,100.0,100.0,77.00348432055402,100.0,48.82859161985117,59.1742688847613,99.9872253449157,99.99759005504964
2067-01-01,99.99549807630768,99.94539910464256,98.12076783170315,60.12827173218377,100.0,99.47380923429273,33.051874935491824,100.0,100.0,99.99278867664205,100.0,100.0,77.31587168088087,100.0,49.319279707787075,59.75719701749463,99.9872253449157,99.99759005504964
2068-01-01,99.99626188769173,99.95179829816654,98.24897881950271,60.97877788124129,100.0,99.52309752547524,33.5508155500839,100.0,100.0,99.99410552741188,100.0,100.0,77.62825904120773,100.0,49.81489881649697,60.340125150227955,99.9872253449157,99.99759005504964
2069-01-01,99.99698802439896,99.95754951016652,98.36881501087215,61.829284030298794,100.0,99.5638811938363,34.05971798694209,100.0,100.0,99.99487055711019,100.0,100.0,77.94665385077163,100.0,50.325174556178744,60.924650346338645,99.9872253449157,99.99759005504964
2070-01-01,99.99736993009095,99.96252489447392,98.48019073872557,62.67979017935631,100.0,99.60447157466957,34.573872680389364,100.0,100.0,99.99563349656343,100.0,100.0,78.25904121109848,100.0,50.83090209938261,61.50757847907198,99.9872253449157,99.99759005504964
2071-01-01,99.997751835783,99.96691725313505,98.58400505695316,63.53029632841383,100.0,99.63883808043892,35.09578888991341,100.0,100.0,99.9963964360167,100.0,100.0,78.57142857142534,100.0,51.341711797794275,62.09050661180532,99.9872253449157,99.99759005504964
2072-01-01,99.99813374147499,99.97079490628022,98.68077091027418,64.38080247747133,100.0,99.6713103734473,35.6255837809005,100.0,100.0,99.99705381627906,100.0,100.0,78.88381593175218,100.0,51.857654722987576,62.67343474453864,99.9872253449157,99.99759005504964
2073-01-01,99.99849541473934,99.97421816814794,98.771207146793,65.23981368801942,100.0,99.7014013610594,36.16595652902392,100.0,100.0,99.9974363311282,100.0,100.0,79.19620329207903,100.0,52.378782459764636,63.25795994064932,99.9872253449157,99.99759005504964
2074-01-01,99.99868636758535,99.97729479095352,98.85525745231688,66.09031983707693,100.0,99.72737920129524,36.711906331058934,100.0,100.0,99.99781780085483,100.0,100.0,79.51459810164295,100.0,52.915321178065454,63.840888073382644,99.9872253449157,99.99759005504964
2075-01-01,99.99887732043136,99.9799563831234,98.93359708990816,66.94082598613446,100.0,99.75340651793353,37.26875653834208,100.0,100.0,99.99819927058144,100.0,100.0,79.8269854619698,100.0,53.44707761235966,64.42381620611599,99.9872253449157,99.99759005504964
2076-01-01,99.99906827327736,99.9823060845128,99.00661377549164,67.79133213519196,100.0,99.7741887726349,37.831353859330335,100.0,100.0,99.99852743815138,100.0,100.0,80.13937282229666,100.0,53.9841777712901,65.00674433884932,99.9872253449157,99.99759005504964
2077-01-01,99.99924841236488,99.98438044311732,99.07484785188456,68.64183828424947,100.0,99.79506999045392,38.405183969061696,100.0,100.0,99.99871869557596,100.0,100.0,80.4517601826235,100.0,54.52667535499302,65.59126953495999,99.9872253449157,99.99759005504964
2078-01-01,99.99934388878788,99.98621172416412,99.13826262843656,69.492344433307,100.0,99.81320004080295,38.984936437883896,100.0,100.0,99.99890943043928,100.0,100.0,80.76414754295034,100.0,55.074624603247926,66.17419766769332,99.9872253449157,99.99759005504964
2079-01-01,99.99943936521092,99.98782841197556,99.19736614604193,70.3428505823645,100.0,99.82982586205135,39.573440665983455,100.0,100.0,99.99910016530258,100.0,100.0,81.0765349032772,100.0,55.62808030090045,66.75712580042665,99.9872253449157,99.99759005504964
2080-01-01,99.99953484163392,99.98928139418442,99.25245046959459,71.19335673142201,100.0,99.84559663489948,40.170828767143256,100.0,100.0,99.99926398780693,100.0,100.0,81.39492971284113,100.0,56.19790299445209,67.34005393315998,99.9872253449157,99.99759005504964
2081-01-01,99.99962456240536,99.99053837182336,99.30392202178028,72.04386288047955,100.0,99.85896061664637,40.78014428794354,100.0,100.0,99.9993596165192,100.0,100.0,81.70731707316797,100.0,56.762646736828316,67.92457912927067,99.9872253449157,99.99759005504964
2082-01-01,99.99967230061684,99.9916480542676,99.35175760099209,72.89436902953705,100.0,99.87226126198686,41.39574840401558,100.0,100.0,99.99945498395087,100.0,100.0,82.01970443349481,100.0,57.33306569976546,68.507507262004,99.9872253449157,99.99759005504964
2083-01-01,99.99972003882836,99.99262770186745,99.39633870303587,73.74487517859455,100.0,99.88326912171995,42.023643639733464,100.0,100.0,99.99955035138252,100.0,100.0,82.33209179382169,100.0,57.909216914667255,69.09043539473733,99.9872253449157,99.99759005504964
2084-01-01,99.99976777703985,99.99349255237031,99.43788578626908,74.59538132765208,100.0,99.89390963216327,42.65801922738011,100.0,100.0,99.99963213199436,100.0,100.0,82.64447915414853,100.0,58.49115798605728,69.67336352747066,99.9872253449157,99.99759005504964
2085-01-01,99.99981246303942,99.99426982822098,99.47670486197693,75.45439253820017,100.0,99.90351649990411,43.3050607248882,100.0,100.0,99.9996799463505,100.0,100.0,82.96287396371244,100.0,59.0903084333185,70.25788872358135,99.9872253449157,99.99759005504964
2086-01-01,99.99983633214515,99.99494225101988,99.51278112338385,76.30489868725769,100.0,99.91202892574609,43.95878017817834,100.0,100.0,99.99972763006632,100.0,100.0,83.27526132403929,100.0,59.684118524881725,70.84081685631467,99.9872253449157,99.99759005504964
2087-01-01,99.99986020125091,99.9955358779484,99.54640121039087,77.15540483631518,100.0,99.92032245676799,44.62236797286896,100.0,100.0,99.99977531378215,100.0,100.0,83.58764868436612,100.0,60.28389593044599,71.423744989048,99.9872253449157,99.99759005504964
2088-01-01,99.9998840703567,99.99605994246679,99.5777316416732,78.00591098537271,100.0,99.92713237995426,45.295973078309224,100.0,100.0,99.99981613876793,100.0,100.0,83.900036044693,100.0,60.889700616719416,72.00667312178133,99.9872253449157,99.99759005504964
2089-01-01,99.99990632616337,99.99652259603977,99.60691253111973,78.85641713443022,100.0,99.93397473134621,45.983027348122775,100.0,100.0,99.999840045946,100.0,100.0,84.21242340501985,100.0,61.50159315302722,72.59119831789202,99.9872253449157,99.99759005504964
2090-01-01,99.99991826071623,99.99693103492659,99.63402479650988,79.70692328348773,100.0,99.93975993509396,46.677172535671396,100.0,100.0,99.9998638878039,100.0,100.0,84.52481076534669,100.0,62.11963471736761,73.17412645062534,99.9872253449157,99.99759005504964
2091-01-01,99.99993019526913,99.99729811534357,99.659296978787,80.55742943254525,100.0,99.94523383377802,47.38517698979796,100.0,100.0,99.99988772966181,100.0,100.0,84.84320557491061,100.0,62.75595323466366,73.75705458335867,99.9872253449157,99.99759005504964
2092-01-01,99.999942129822,99.99761567730205,99.6828534986216,81.40793558160276,100.0,99.9502718905558,48.10048858334674,100.0,100.0,99.9999081094946,100.0,100.0,85.15559293523745,100.0,63.38660010932783,74.339982716092,99.9872253449157,99.99759005504964
2093-01-01,99.9999532141288,99.99789602670474,99.70486995056132,82.25844173066027,100.0,99.95465099778936,48.83008205083031,100.0,100.0,99.99992006308365,100.0,100.0,85.4679802955643,100.0,64.02358447804673,74.92450791220269,99.9872253449157,99.99759005504964
2094-01-01,99.99995918140525,99.9981435241946,99.72533185204622,83.1089478797178,100.0,99.95900935013007,49.56720547261979,100.0,100.0,99.99993198401262,100.0,100.0,85.78036765589117,100.0,64.66697002754029,75.50743604493601,99.9872253449157,99.99759005504964
2095-01-01,99.99996514868168,99.9983620194255,99.74440384402668,83.9594540287753,100.0,99.96249605015404,50.31545627564982,100.0,100.0,99.99994390494156,100.0,100.0,86.092755016218,100.0,65.31682108452883,76.09036417766934,99.9872253449157,99.99759005504964
2096-01-01,99.99997111595812,99.99855491094117,99.76218026702644,84.80996017783279,100.0,99.965982750178,51.07500243533652,100.0,100.0,99.99995407852795,100.0,100.0,86.40514237654486,100.0,65.97320262216445,76.67329231040267,99.9872253449157,99.99759005504964
2097-01-01,99.99997663631324,99.99872827028645,99.77879283385836,85.66046632689033,100.0,99.96905103098995,51.84971365399728,100.0,100.0,99.99996005532243,100.0,100.0,86.72353718610876,100.0,66.64899491657843,77.25781750651336,99.9872253449157,99.99759005504964
2098-01-01,99.99997961995147,99.99887824378176,99.79423221203798,86.51097247594784,100.0,99.97185365024849,52.63617577708593,100.0,100.0,99.99996601578691,100.0,100.0,87.03592454643562,100.0,67.31876373016777,77.84074563924668,99.9872253449157,99.99759005504964
2099-01-01,99.99998260358969,99.99901064307808,99.80862205077707,87.36147862500535,100.0,99.97450485361401,53.430754781855356,100.0,100.0,99.99997197625142,100.0,100.0,87.34831190676249,100.0,67.99526318184425,78.42367377198002,99.9872253449157,99.99759005504964
2100-01-01,99.99998558722791,99.9991275275557,99.82203364372455,88.21198477406288,100.0,99.9767363462926,54.237328499111,100.0,100.0,99.99997705487957,100.0,100.0,87.66069926708933,100.0,68.67856090910928,79.00660190471335,99.9872253449157,99.99759005504964
2101-01-01,99.99998833241915,99.99923071527263,99.834533200626,89.06249092312038,100.0,99.97896783897122,55.05607799722686,100.0,100.0,99.99998003511179,100.0,100.0,87.9730866274162,100.0,69.36872522916676,79.58953003744669,99.9872253449157,99.99759005504964
2102-01-01,99.99998982423828,99.99932181124315,99.84618270165727,89.91299707217789,100.0,99.98082103500532,55.891174605081204,100.0,100.0,99.99998301534404,100.0,100.0,88.28547398774303,100.0,70.06582514575358,80.17245817018002,99.9872253449157,99.99759005504964
2103-01-01,99.99999131605742,99.99940368284729,99.85703975191191,90.76350322123541,100.0,99.98260622331912,56.734890039142954,100.0,100.0,99.99998599557628,100.0,100.0,88.60386879730694,100.0,70.78353995803025,80.75538630291334,99.9872253449157,99.99759005504964
2104-01-01,99.9999928078765,99.99947451012581,99.86715807599397,91.61400937029293,100.0,99.98421629567923,57.591341933624534,100.0,100.0,99.99998853489036,100.0,100.0,88.9162561576338,100.0,71.4948576251411,81.33831443564667,99.9872253449157,99.99759005504964
2105-01-01,99.99999417910972,99.99953703771988,99.87661223976666,92.47302058084101,100.0,99.98565125290449,58.464893701931594,100.0,100.0,99.99999002908899,100.0,100.0,89.22864351796066,100.0,72.21332346291199,81.92283963175736,99.9872253449157,99.99759005504964
2106-01-01,99.99999492501928,99.9995922382034,99.88539852484871,93.3235267298985,100.0,99.98704676620208,59.34746118267745,100.0,100.0,99.99999151920512,100.0,100.0,89.5410308782875,100.0,72.93900930471105,82.50576776449068,99.9872253449157,99.99759005504964
2107-01-01,99.99999567092884,99.99964097018204,99.8935866640603,94.17403287895606,100.0,99.98818929721529,60.24335162201979,100.0,100.0,99.99999300932123,100.0,100.0,89.85341823861435,100.0,73.67198770577387,83.08869589722401,99.9872253449157,99.99759005504964
2108-01-01,99.9999964168384,99.99968399164837,99.90121735232208,95.02453902801355,100.0,99.98933726885235,61.1571293631044,100.0,100.0,99.999994276937,100.0,100.0,90.1658055989412,100.0,74.41233195045788,83.67162402995734,99.9872253449157,99.99759005504964
2109-01-01,99.99999709973024,99.99972265676651,99.90834650698494,95.87504517707106,100.0,99.99031112309814,62.080337978975294,100.0,100.0,99.99999502403635,100.0,100.0,90.48420040850512,100.0,75.17456992804244,84.25614922606802,99.9872253449157,99.99759005504964
2110-01-01,99.999997472685,99.99975610603285,99.9149567565734,96.72555132612858,100.0,99.9912294769804,63.021979329877006,100.0,100.0,99.99999576909441,100.0,100.0,90.79658776883196,100.0,75.93001391599475,84.83907735880135,99.9872253449157,99.99759005504964
2111-01-01,99.99999784563978,99.9997856356462,99.92111000856148,97.57605747518608,100.0,99.99207732200188,63.973339129012025,100.0,100.0,99.99999651415246,100.0,100.0,91.10897512915882,100.0,76.6930495086543,85.42200549153469,99.9872253449157,99.99759005504964
2112-01-01,99.99999821859457,99.99981170491941,99.92684569466054,98.4265636242436,100.0,99.99280852319721,64.93906035374836,100.0,100.0,99.99999714693969,100.0,100.0,91.42136248948569,100.0,77.46375299554491,86.00493362426802,99.9872253449157,99.99759005504964
2113-01-01,99.99999855867807,99.99983471934222,99.93220653084387,99.27706977330112,100.0,99.99354320630304,65.92406311804572,100.0,100.0,99.99999752048937,100.0,100.0,91.73374984981251,100.0,78.24220143283854,86.58945882037871,99.9872253449157,99.99759005504964
2114-01-01,99.99999874515548,99.9998554033275,99.93718886404976,99.27706977330112,100.0,99.99413027350376,66.9192318530329,100.0,100.0,99.9999978930184,100.0,100.0,92.05214465937642,100.0,79.04367043426207,87.17238695311201,99.9872253449157,99.99759005504964
2115-01-01,99.99999893163286,99.999873297082,99.94183284651926,99.27706977330112,100.0,99.99471525194731,67.92942333941386,100.0,100.0,99.99999826554743,100.0,100.0,92.36453201970328,100.0,79.83799577157237,87.75531508584534,99.9872253449157,99.99759005504964
2116-01-01,99.99999911811024,99.99988909400999,99.94616143546324,99.27706977330112,100.0,99.99523170778616,68.95978425627598,100.0,100.0,99.99999858143076,100.0,100.0,92.67691938003011,100.0,80.64030343989064,88.3382432185787,99.9872253449157,99.99759005504964
2117-01-01,99.9999992874708,99.99990303982183,99.95020674238899,99.27706977330112,100.0,99.99569969637012,70.00077927414218,100.0,100.0,99.99999876820557,100.0,100.0,92.98930674035698,100.0,81.45067365522581,88.92276841468937,99.9872253449157,99.99759005504964
2118-01-01,99.99999938070951,99.99991535143512,99.95396636399786,99.27706977330112,100.0,99.99614806983436,71.06255874419269,100.0,100.0,99.99999895447009,100.0,100.0,93.30169410068385,100.0,82.26918743969313,89.5056965474227,99.9872253449157,99.99759005504964
2119-01-01,99.99999947394821,99.99992622034857,99.95747050797384,99.27706977330112,100.0,99.99652244321423,72.13529657838595,100.0,100.0,99.9999991407346,100.0,100.0,93.61408146101068,100.0,83.09592662961501,90.08862468015604,99.9872253449157,99.99759005504964
2120-01-01,99.9999995671869,99.99993598867714,99.96073647201952,99.27706977330112,100.0,99.99689681659409,73.22422812247642,100.0,100.0,99.99999929842112,100.0,100.0,93.93247627057458,100.0,83.94711445560388,90.67155281288936,99.9872253449157,99.99759005504964
2121-01-01,99.99999965152658,99.99994443927656,99.96378841055784,99.27706977330112,100.0,99.99720879433936,74.3349012169308,100.0,100.0,99.99999939180852,100.0,100.0,94.24486363090143,100.0,84.79071546299414,91.25607800900005,99.9872253449157,99.99759005504964
2122-01-01,99.99999969814594,99.99995189961754,99.96662478090687,99.27706977330112,100.0,99.99750829304323,75.45703729457374,100.0,100.0,99.9999994849408,100.0,100.0,94.5572509912283,100.0,85.64279398225948,91.83900614173336,99.9872253449157,99.99759005504964
2123-01-01,99.99999974476528,99.99995848574066,99.969268267883,99.27706977330112,100.0,99.99777927077976,76.59611278231944,100.0,100.0,99.99999957807304,100.0,100.0,94.86963835155515,100.0,86.50343520557833,92.42193427446671,99.9872253449157,99.99759005504964
2124-01-01,99.99999979138462,99.99996430008848,99.97173193228869,99.27706977330112,100.0,99.9980200165472,77.75793099179275,100.0,100.0,99.99999965621204,100.0,100.0,95.182025711882,100.0,87.372725181242,93.00486240720005,99.9872253449157,99.99759005504964
2125-01-01,99.9999998333842,99.99996952567615,99.97403396068691,99.27706977330112,100.0,99.99825482978085,78.9317400405739,100.0,100.0,99.99999970103799,100.0,100.0,95.50042052144592,100.0,88.26772212049319,93.58938760331071,99.9872253449157,99.99759005504964
2126-01-01,99.99999985669383,99.99997404634188,99.97617335190051,99.27706977330112,100.0,99.99844743225158,80.12898529954792,100.0,100.0,99.99999974574148,100.0,100.0,95.81280788177277,100.0,89.15474176117758,94.17231573604404,99.9872253449157,99.99759005504964
2127-01-01,99.99999988000351,99.99997803726671,99.97816715238471,99.27706977330112,100.0,99.99863912191448,81.33858703167688,100.0,100.0,99.999999790445,100.0,100.0,96.1251952420996,100.0,90.05067523609324,94.75524386877737,99.9872253449157,99.99759005504964
2128-01-01,99.9999999033132,99.99998156052692,99.98002522583496,99.27706977330112,100.0,99.99880304952264,82.56644852766819,100.0,100.0,99.99999982816726,100.0,100.0,96.43758260242649,100.0,90.95561212210748,95.33817200151071,99.9872253449157,99.99759005504964
2129-01-01,99.99999992412943,99.99998467092436,99.981761233196,99.27706977330112,100.0,99.9989571139287,83.81882544219545,100.0,100.0,99.99999985058024,100.0,100.0,96.74996996275331,100.0,91.86964289626341,95.9226971976214,99.9872253449157,99.99759005504964
2130-01-01,99.99999993531809,99.99998741683909,99.9833745899525,99.27706977330112,100.0,99.99909978978813,85.08412783009868,100.0,100.0,99.999999872932,100.0,100.0,97.06235732308019,100.0,92.79285894482528,96.5056253303547,99.9872253449157,99.99759005504964
2131-01-01,99.99999994650676,99.99998988470287,99.98487608464805,99.27706977330112,100.0,99.99922304716982,86.3746931794243,100.0,100.0,99.99999989528374,100.0,100.0,97.38075213264408,100.0,93.74337667868,97.08855346308806,99.9872253449157,99.99759005504964
2132-01-01,99.99999995769541,99.99999201965643,99.9862723054158,99.27706977330112,100.0,99.99934572039335,87.67857813555115,100.0,100.0,99.99999991411423,100.0,100.0,97.69313949297094,100.0,94.68542224528645,97.6714815958214,99.9872253449157,99.99759005504964
2133-01-01,99.99999996769354,99.9999939044318,99.98757732769471,99.27706977330112,100.0,99.99944502157489,89.00849639064819,100.0,100.0,99.99999992532074,100.0,100.0,98.00552685329778,100.0,95.63693461243929,98.25600679193208,99.9872253449157,99.99759005504964
2134-01-01,99.99999997328787,99.99999556834535,99.98879021475905,99.27706977330112,100.0,99.99954315432457,90.3521404041816,100.0,100.0,99.99999993649661,100.0,100.0,98.31791421362465,100.0,96.59800891387279,98.83893492466541,99.9872253449157,99.99759005504964
2135-01-01,99.9999999788822,99.99999703727816,99.9899207529582,99.27706977330112,100.0,99.9996296115248,91.71606764131714,100.0,100.0,99.99999994767248,100.0,100.0,98.6303015739515,100.0,97.56874123933865,99.42186305739872,99.9872253449157,99.99759005504964
2136-01-01,99.9999999844765,99.9999983340785,99.99097453115135,99.27706977330112,100.0,99.99970812938277,93.10058429116705,100.0,100.0,99.99999995766441,100.0,100.0,98.94268893427835,100.0,98.54922864421356,99.42186305739872,99.9872253449157,99.99759005504964
2137-01-01,99.99999998945513,99.99999949956492,99.99195937613376,99.27706977330112,100.0,99.99978358001349,94.51274412817178,100.0,100.0,99.9999999651354,100.0,100.0,99.26108374384224,100.0,99.55871138404076,99.42186305739872,99.9872253449157,99.99759005504964
2138-01-01,99.9999999922523,99.99999949956492,99.99287467730784,99.27706977330112,100.0,99.99984638847076,95.93947851870516,100.0,100.0,99.99999997258598,100.0,100.0,99.57347110416912,100.0,99.55871138404076,99.42186305739872,99.9872253449157,99.99759005504964
2139-01-01,99.99999999504946,99.99999949956492,99.99372778841473,99.27706977330112,100.0,99.99990949601593,97.39469901360296,100.0,100.0,99.99999998003656,100.0,100.0,99.88585846449594,100.0,99.55871138404076,99.42186305739872,99.9872253449157,99.99759005504964
2140-01-01,99.99999999784664,99.99999949956492,99.9945229313178,99.27706977330112,100.0,99.99996171674984,98.86493848046808,100.0,100.0,99.99999998629299,100.0,100.0,99.88585846449594,100.0,99.55871138404076,99.42186305739872,99.9872253449157,99.99759005504964
2141-01-01,99.99999999784664,99.99999949956492,99.99526598856926,99.27706977330112,100.0,99.99996171674984,98.86493848046808,100.0,100.0,99.99999999002847,100.0,100.0,99.88585846449594,100.0,99.55871138404076,99.42186305739872,99.9872253449157,99.99759005504964
2142-01-01,99.99999999784664,99.99999949956492,99.99595656728191,99.27706977330112,100.0,99.99996171674984,98.86493848046808,100.0,100.0,99.99999999375378,100.0,100.0,99.88585846449594,100.0,99.55871138404076,99.42186305739872,99.9872253449157,99.99759005504964
2143-01-01,99.99999999784664,99.99999949956492,99.99660018968838,99.27706977330112,100.0,99.99996171674984,98.86493848046808,100.0,100.0,99.99999999747908,100.0,100.0,99.88585846449594,100.0,99.55871138404076,99.42186305739872,99.9872253449157,99.99759005504964
2144-01-01,99.99999999784664,99.99999949956492,99.9972000467816,99.27706977330112,100.0,99.99996171674984,98.86493848046808,100.0,100.0,99.99999999747908,100.0,100.0,99.88585846449594,100.0,99.55871138404076,99.42186305739872,99.9872253449157,99.99759005504964
2145-01-01,99.99999999784664,99.99999949956492,99.99776055950709,99.27706977330112,100.0,99.99996171674984,98.86493848046808,100.0,100.0,99.99999999747908,100.0,100.0,99.88585846449594,100.0,99.55871138404076,99.42186305739872,99.9872253449157,99.99759005504964
2146-01-01,99.99999999784664,99.99999949956492,99.99828147725599,99.27706977330112,100.0,99.99996171674984,98.86493848046808,100.0,100.0,99.99999999747908,100.0,100.0,99.88585846449594,100.0,99.55871138404076,99.42186305739872,99.9872253449157,99.99759005504964
2147-01-01,99.99999999784664,99.99999949956492,99.99876695311515,99.27706977330112,100.0,99.99996171674984,98.86493848046808,100.0,100.0,99.99999999747908,100.0,100.0,99.88585846449594,100.0,99.55871138404076,99.42186305739872,99.9872253449157,99.99759005504964
2148-01-01,99.99999999784664,99.99999949956492,99.99921938984942,99.27706977330112,100.0,99.99996171674984,98.86493848046808,100.0,100.0,99.99999999747908,100.0,100.0,99.88585846449594,100.0,99.55871138404076,99.42186305739872,99.9872253449157,99.99759005504964
2149-01-01,99.99999999784664,99.99999949956492,99.9996421143194,99.27706977330112,100.0,99.99996171674984,98.86493848046808,100.0,100.0,99.99999999747908,100.0,100.0,99.88585846449594,100.0,99.55871138404076,99.42186305739872,99.9872253449157,99.99759005504964
